[{"x": 0, "y": 14, "tile_type": "platform"}, {"x": 1, "y": 14, "tile_type": "platform"}, {"x": 2, "y": 14, "tile_type": "platform"}, {"x": 3, "y": 14, "tile_type": "platform"}, {"x": 4, "y": 14, "tile_type": "platform"}, {"x": 2, "y": 11, "tile_type": "platform"}, {"x": 1, "y": 11, "tile_type": "platform"}, {"x": 0, "y": 11, "tile_type": "platform"}, {"x": 6, "y": 10, "tile_type": "platform"}, {"x": 7, "y": 10, "tile_type": "platform"}, {"x": 8, "y": 10, "tile_type": "platform"}, {"x": 11, "y": 8, "tile_type": "platform"}, {"x": 12, "y": 8, "tile_type": "platform"}, {"x": 13, "y": 8, "tile_type": "platform"}, {"x": 16, "y": 7, "tile_type": "platform"}, {"x": 17, "y": 7, "tile_type": "platform"}, {"x": 18, "y": 7, "tile_type": "platform"}, {"x": 8, "y": 6, "tile_type": "platform"}, {"x": 7, "y": 6, "tile_type": "platform"}, {"x": 6, "y": 6, "tile_type": "platform"}, {"x": 5, "y": 6, "tile_type": "platform"}, {"x": 2, "y": 6, "tile_type": "platform"}, {"x": 1, "y": 6, "tile_type": "platform"}, {"x": 0, "y": 6, "tile_type": "platform"}, {"x": 11, "y": 4, "tile_type": "platform"}, {"x": 12, "y": 4, "tile_type": "platform"}, {"x": 13, "y": 4, "tile_type": "platform"}, {"x": 16, "y": 3, "tile_type": "platform"}, {"x": 17, "y": 3, "tile_type": "platform"}, {"x": 18, "y": 3, "tile_type": "platform"}, {"x": 19, "y": 3, "tile_type": "platform"}, {"x": 19, "y": 2, "tile_type": "door"}, {"x": 19, "y": 1, "tile_type": "door"}, {"x": 4, "y": 12, "tile_type": "coin"}, {"x": 0, "y": 9, "tile_type": "coin"}, {"x": 8, "y": 8, "tile_type": "coin"}, {"x": 12, "y": 6, "tile_type": "coin"}, {"x": 17, "y": 5, "tile_type": "coin"}, {"x": 12, "y": 2, "tile_type": "coin"}, {"x": 7, "y": 4, "tile_type": "coin"}, {"x": 1, "y": 4, "tile_type": "coin"}, {"x": 7, "y": 14, "tile_type": "platform"}, {"x": 8, "y": 14, "tile_type": "platform"}, {"x": 9, "y": 14, "tile_type": "platform"}, {"x": 10, "y": 14, "tile_type": "platform"}, {"x": 13, "y": 14, "tile_type": "platform"}, {"x": 14, "y": 14, "tile_type": "platform"}, {"x": 15, "y": 14, "tile_type": "platform"}, {"x": 18, "y": 14, "tile_type": "platform"}, {"x": 19, "y": 14, "tile_type": "platform"}, {"x": 19, "y": 12, "tile_type": "key"}]