[{"x": 0, "y": 14, "tile_type": "platform"}, {"x": 1, "y": 14, "tile_type": "platform"}, {"x": 2, "y": 14, "tile_type": "platform"}, {"x": 3, "y": 14, "tile_type": "platform"}, {"x": 4, "y": 14, "tile_type": "platform"}, {"x": 8, "y": 14, "tile_type": "platform"}, {"x": 9, "y": 14, "tile_type": "platform"}, {"x": 10, "y": 14, "tile_type": "platform"}, {"x": 11, "y": 14, "tile_type": "platform"}, {"x": 14, "y": 14, "tile_type": "platform"}, {"x": 15, "y": 14, "tile_type": "platform"}, {"x": 16, "y": 14, "tile_type": "platform"}, {"x": 17, "y": 14, "tile_type": "platform"}, {"x": 19, "y": 14, "tile_type": "platform"}, {"x": 19, "y": 13, "tile_type": "door"}, {"x": 8, "y": 12, "tile_type": "coin"}, {"x": 10, "y": 12, "tile_type": "coin"}, {"x": 3, "y": 12, "tile_type": "coin"}, {"x": 15, "y": 12, "tile_type": "key"}]