[{"x": 0, "y": 14, "tile_type": "platform"}, {"x": 1, "y": 14, "tile_type": "platform"}, {"x": 2, "y": 14, "tile_type": "platform"}, {"x": 3, "y": 14, "tile_type": "platform"}, {"x": 4, "y": 14, "tile_type": "platform"}, {"x": 5, "y": 14, "tile_type": "platform"}, {"x": 9, "y": 13, "tile_type": "platform"}, {"x": 10, "y": 13, "tile_type": "platform"}, {"x": 11, "y": 13, "tile_type": "platform"}, {"x": 0, "y": 11, "tile_type": "platform"}, {"x": 1, "y": 11, "tile_type": "platform"}, {"x": 2, "y": 11, "tile_type": "platform"}, {"x": 0, "y": 8, "tile_type": "platform"}, {"x": 1, "y": 8, "tile_type": "platform"}, {"x": 2, "y": 8, "tile_type": "platform"}, {"x": 12, "y": 13, "tile_type": "platform"}, {"x": 13, "y": 13, "tile_type": "platform"}, {"x": 9, "y": 11, "tile_type": "coin"}, {"x": 17, "y": 14, "tile_type": "platform"}, {"x": 18, "y": 14, "tile_type": "platform"}, {"x": 19, "y": 14, "tile_type": "platform"}, {"x": 19, "y": 12, "tile_type": "door"}]