[{"x": 0, "y": 14, "tile_type": "platform"}, {"x": 1, "y": 14, "tile_type": "platform"}, {"x": 2, "y": 14, "tile_type": "platform"}, {"x": 3, "y": 14, "tile_type": "platform"}, {"x": 4, "y": 14, "tile_type": "platform"}, {"x": 6, "y": 12, "tile_type": "platform"}, {"x": 7, "y": 12, "tile_type": "platform"}, {"x": 8, "y": 12, "tile_type": "platform"}, {"x": 9, "y": 12, "tile_type": "platform"}, {"x": 11, "y": 11, "tile_type": "platform"}, {"x": 12, "y": 11, "tile_type": "platform"}, {"x": 13, "y": 11, "tile_type": "platform"}, {"x": 15, "y": 10, "tile_type": "platform"}, {"x": 16, "y": 10, "tile_type": "platform"}, {"x": 17, "y": 10, "tile_type": "platform"}, {"x": 0, "y": 11, "tile_type": "platform"}, {"x": 1, "y": 11, "tile_type": "platform"}, {"x": 0, "y": 9, "tile_type": "coin"}, {"x": 7, "y": 10, "tile_type": "coin"}, {"x": 12, "y": 9, "tile_type": "coin"}, {"x": 16, "y": 8, "tile_type": "coin"}, {"x": 4, "y": 12, "tile_type": "coin"}]