[{"x": 0, "y": 14, "tile_type": "platform"}, {"x": 1, "y": 14, "tile_type": "platform"}, {"x": 2, "y": 14, "tile_type": "platform"}, {"x": 5, "y": 14, "tile_type": "platform"}, {"x": 6, "y": 14, "tile_type": "platform"}, {"x": 7, "y": 14, "tile_type": "platform"}, {"x": 8, "y": 14, "tile_type": "platform"}, {"x": 9, "y": 14, "tile_type": "platform"}, {"x": 10, "y": 14, "tile_type": "platform"}, {"x": 11, "y": 14, "tile_type": "platform"}, {"x": 12, "y": 14, "tile_type": "platform"}, {"x": 13, "y": 14, "tile_type": "platform"}, {"x": 14, "y": 14, "tile_type": "platform"}, {"x": 18, "y": 14, "tile_type": "platform"}, {"x": 19, "y": 14, "tile_type": "platform"}, {"x": 7, "y": 12, "tile_type": "coin"}, {"x": 9, "y": 12, "tile_type": "coin"}, {"x": 11, "y": 12, "tile_type": "coin"}, {"x": 13, "y": 12, "tile_type": "key"}, {"x": 19, "y": 12, "tile_type": "door"}]