[{"x": 0, "y": 14, "tile_type": "platform"}, {"x": 1, "y": 14, "tile_type": "platform"}, {"x": 2, "y": 14, "tile_type": "platform"}, {"x": 3, "y": 14, "tile_type": "platform"}, {"x": 9, "y": 12, "tile_type": "platform"}, {"x": 10, "y": 12, "tile_type": "platform"}, {"x": 11, "y": 12, "tile_type": "platform"}, {"x": 12, "y": 12, "tile_type": "platform"}, {"x": 9, "y": 14, "tile_type": "platform"}, {"x": 10, "y": 14, "tile_type": "platform"}, {"x": 11, "y": 14, "tile_type": "platform"}, {"x": 12, "y": 14, "tile_type": "platform"}, {"x": 11, "y": 9, "tile_type": "coin"}, {"x": 9, "y": 11, "tile_type": "door"}, {"x": 3, "y": 13, "tile_type": "key"}]