[{"x": 1, "y": 14, "tile_type": "platform"}, {"x": 0, "y": 14, "tile_type": "platform"}, {"x": 2, "y": 14, "tile_type": "platform"}, {"x": 3, "y": 14, "tile_type": "platform"}, {"x": 4, "y": 14, "tile_type": "platform"}, {"x": 7, "y": 13, "tile_type": "platform"}, {"x": 8, "y": 13, "tile_type": "platform"}, {"x": 9, "y": 13, "tile_type": "platform"}, {"x": 10, "y": 13, "tile_type": "platform"}, {"x": 13, "y": 14, "tile_type": "platform"}, {"x": 14, "y": 14, "tile_type": "platform"}, {"x": 15, "y": 14, "tile_type": "platform"}, {"x": 18, "y": 13, "tile_type": "platform"}, {"x": 19, "y": 13, "tile_type": "platform"}, {"x": 19, "y": 12, "tile_type": "door"}, {"x": 14, "y": 12, "tile_type": "coin"}, {"x": 9, "y": 11, "tile_type": "key"}]